{"cameraMode":{"drawMode":0,"name":"Shaded","section":"Shading Mode"},"sceneLighting":true,"audioPlay":false,"sceneViewState":{"showFog":true,"showMaterialUpdate":true,"showSkybox":true,"showFlares":true,"showImageEffects":true,"showParticleSystems":true},"in2DMode":false,"pivot":{"x":-769.7293090820313,"y":2.208099126815796,"z":-955.7070922851563},"rotation":{"x":0.007655156310647726,"y":-0.6004428267478943,"z":-0.0057534934021532539,"w":-0.7996103763580322},"size":11.045263290405274,"orthographic":false}