{"cameraMode":{"drawMode":0,"name":"Shaded","section":"Shading Mode"},"sceneLighting":false,"audioPlay":false,"sceneViewState":{"showFog":true,"showMaterialUpdate":true,"showSkybox":true,"showFlares":true,"showImageEffects":true,"showParticleSystems":true},"in2DMode":false,"pivot":{"x":-759.2999877929688,"y":1.75,"z":-981.4000244140625},"rotation":{"x":-0.18825408816337586,"y":-0.5847188234329224,"z":0.14179977774620057,"w":-0.7762455940246582},"size":10.217513084411621,"orthographic":false}