{"cameraMode":{"drawMode":0,"name":"Shaded","section":"Shading Mode"},"sceneLighting":true,"audioPlay":false,"sceneViewState":{"showFog":true,"showMaterialUpdate":true,"showSkybox":true,"showFlares":true,"showImageEffects":true,"showParticleSystems":true},"in2DMode":false,"pivot":{"x":43.66667556762695,"y":8.070415496826172,"z":25.817075729370118},"rotation":{"x":0.15642407536506654,"y":0.4934568703174591,"z":-0.09072324633598328,"w":0.8507649898529053},"size":7.261659145355225,"orthographic":false}