{"cameraMode":{"drawMode":0,"name":"Shaded","section":"Shading Mode"},"sceneLighting":true,"audioPlay":false,"sceneViewState":{"showFog":true,"showMaterialUpdate":true,"showSkybox":true,"showFlares":true,"showImageEffects":true,"showParticleSystems":true},"in2DMode":false,"pivot":{"x":45.61000061035156,"y":0.9300000667572022,"z":24.270000457763673},"rotation":{"x":0.059541646391153339,"y":-0.15745778381824494,"z":0.009515724144876004,"w":0.9856831431388855},"size":9.743189811706543,"orthographic":false}