{"cameraMode":{"drawMode":0,"name":"Shaded","section":"Shading Mode"},"sceneLighting":true,"audioPlay":false,"sceneViewState":{"showFog":true,"showMaterialUpdate":true,"showSkybox":true,"showFlares":true,"showImageEffects":true,"showParticleSystems":true},"in2DMode":false,"pivot":{"x":48.74494171142578,"y":7.408867835998535,"z":23.22040557861328},"rotation":{"x":0.1447981297969818,"y":0.28559327125549319,"z":-0.04369352012872696,"w":0.946340799331665},"size":7.261659145355225,"orthographic":false}