{"cameraMode":{"drawMode":0,"name":"Shaded","section":"Shading Mode"},"sceneLighting":false,"audioPlay":false,"sceneViewState":{"showFog":true,"showMaterialUpdate":true,"showSkybox":true,"showFlares":true,"showImageEffects":true,"showParticleSystems":true},"in2DMode":false,"pivot":{"x":67.89350891113281,"y":-2.2847719192504885,"z":38.12242889404297},"rotation":{"x":0.19647054374217988,"y":0.07404215633869171,"z":-0.014876089058816433,"w":0.9775969982147217},"size":18.59514617919922,"orthographic":false}