{"cameraMode":{"drawMode":0,"name":"Shaded","section":"Shading Mode"},"sceneLighting":false,"audioPlay":false,"sceneViewState":{"showFog":true,"showMaterialUpdate":true,"showSkybox":true,"showFlares":true,"showImageEffects":true,"showParticleSystems":true},"in2DMode":false,"pivot":{"x":45.058441162109378,"y":7.641387939453125,"z":27.89910888671875},"rotation":{"x":-0.041973527520895007,"y":0.23223237693309785,"z":0.010036125779151917,"w":0.9717024564743042},"size":6.457885265350342,"orthographic":false}