{"cameraMode":{"drawMode":0,"name":"Shaded","section":"Shading Mode"},"sceneLighting":false,"audioPlay":false,"sceneViewState":{"showFog":true,"showMaterialUpdate":true,"showSkybox":true,"showFlares":true,"showImageEffects":true,"showParticleSystems":true},"in2DMode":false,"pivot":{"x":65.58999633789063,"y":2.309999942779541,"z":30.87999725341797},"rotation":{"x":0.1755598783493042,"y":0.5462608337402344,"z":-0.11833047866821289,"w":0.8104169964790344},"size":22.824312210083009,"orthographic":false}