{"cameraMode":{"drawMode":0,"name":"Shaded","section":"Shading Mode"},"sceneLighting":false,"audioPlay":false,"sceneViewState":{"showFog":true,"showMaterialUpdate":true,"showSkybox":true,"showFlares":true,"showImageEffects":true,"showParticleSystems":true},"in2DMode":false,"pivot":{"x":65.58999633789063,"y":2.309999942779541,"z":30.8799991607666},"rotation":{"x":0.15642407536506654,"y":0.4934568703174591,"z":-0.09072324633598328,"w":0.8507649898529053},"size":29.469032287597658,"orthographic":false}